,kmeans_child_mort,kmeans_exports,kmeans_health,kmeans_imports,kmeans_income,kmeans_inflation,kmeans_life_expec,kmeans_total_fer,kmeans_gdpp,hierarchical_child_mort,hierarchical_exports,hierarchical_health,hierarchical_imports,hierarchical_income,hierarchical_inflation,hierarchical_life_expec,hierarchical_total_fer,hierarchical_gdpp,gaussian_child_mort,gaussian_exports,gaussian_health,gaussian_imports,gaussian_income,gaussian_inflation,gaussian_life_expec,gaussian_total_fer,gaussian_gdpp
Could need help,21.927380952380954,40.243916666666664,6.200952380952381,47.47340357142857,12305.595238095239,7.600904761904762,72.81428571428572,2.3075,6486.452380952381,19.749382716049382,42.126913580246914,6.331358024691358,48.574074074074076,13158.148148148148,6.011160493827161,73.48765432098766,2.1746913580246914,7475.753086419753,21.714666666666666,40.767853333333335,6.191466666666667,47.310212,12136.0,6.01028,73.09333333333333,2.1896,6649.2266666666665
Dont need help,5.0,58.73888888888889,8.807777777777778,51.49166666666667,45672.22222222222,2.67125,80.12777777777778,1.7527777777777778,42494.444444444445,5.881818181818182,58.17575757575757,8.608181818181817,48.842424242424244,47784.84848484849,4.014757575757575,80.10303030303031,1.8803030303030301,43851.51515151515,5.772972972972973,58.19459459459459,8.414864864864866,49.44054054054054,46243.24324324324,3.8948648648648643,79.97027027027028,1.8494594594594596,41732.43243243243
Need help,92.96170212765956,29.15127659574468,6.3885106382978725,42.32340425531915,3942.404255319149,12.019680851063828,59.18723404255319,5.008085106382978,1922.3829787234042,86.74150943396226,28.926773584905657,6.439811320754717,43.10124339622642,4159.490566037736,12.833490566037735,60.130188679245286,4.794528301886793,2120.3396226415093,82.70727272727272,30.08018181818182,6.591090909090909,44.60181818181818,4399.327272727272,12.812454545454544,60.761818181818185,4.7210909090909094,2222.2181818181816
