,kmeans_child_mort,kmeans_exports,kmeans_health,kmeans_imports,kmeans_income,kmeans_inflation,kmeans_life_expec,kmeans_total_fer,kmeans_gdpp,hierarchical_child_mort,hierarchical_exports,hierarchical_health,hierarchical_imports,hierarchical_income,hierarchical_inflation,hierarchical_life_expec,hierarchical_total_fer,hierarchical_gdpp,gaussian_child_mort,gaussian_exports,gaussian_health,gaussian_imports,gaussian_income,gaussian_inflation,gaussian_life_expec,gaussian_total_fer,gaussian_gdpp
Could need help,13.757918650292513,19.029181988134702,2.167233325431697,20.10387315789028,8180.073695604412,7.8495161781975,3.9607454226352377,0.6969570262114747,5021.434051888378,13.117003501722392,19.09689821947371,1.9360964290850928,19.062114112669782,7840.718575346125,5.5473981794549205,3.7920766974063618,0.6648798508372643,6213.780253458566,14.495336559803711,19.95378389076315,1.8833270541233118,19.89824533261026,6493.932719251268,5.324437692833382,3.761085716354491,0.61121597899022,5003.0120213493165
Dont need help,2.188933203966848,41.93078158637691,3.1780147541787436,36.84399834824818,20852.017526384225,4.077718762634674,1.815742447298251,0.3730538920172343,18991.079777387884,3.5814150961469258,43.67396271165915,3.5610492261283175,38.242393282055374,20862.48309184637,5.520293912183837,1.9944430376180284,0.4607499650602594,19352.246659175667,3.4680004364225545,41.27941339178611,3.4482971817193264,36.1593422649394,20237.335416124937,5.312784152725711,1.9991477163010247,0.4584814666431515,19304.490756385243
Need help,33.375228728683666,18.160596932468124,2.6620154008663404,17.73274069361355,5641.790359758128,15.509957825337754,6.4435210810778125,1.0413821048258987,2956.1039249925143,36.39726022002134,18.060425387529484,2.8226375353600086,19.762271592058255,5619.346846875197,15.83386152379504,6.773920149698017,1.1725983082252975,3216.609322918229,39.85337875236927,17.44241684864473,2.839304604957108,19.427876982326296,5583.734506498068,15.66342607952748,7.328268223224035,1.2510316819970106,3159.8599810218325
